timestamp,open,high,low,close,vwap,volume,count
2025-01-18 00:00:00,3473.0,3490.05,3368.73,3387.43,3415.41,415.30473244,564
2025-01-18 04:00:00,3384.56,3391.24,3281.17,3290.22,3334.44,578.06829695,817
2025-01-18 08:00:00,3287.27,3322.38,3227.89,3321.0,3264.89,546.52860445,927
2025-01-18 12:00:00,3311.72,3344.04,3275.63,3310.94,3311.64,415.40891375,612
2025-01-18 16:00:00,3306.75,3315.06,3250.74,3287.82,3271.42,278.74901532,650
2025-01-18 20:00:00,3289.86,3317.33,3261.44,3309.55,3288.81,124.9422091,390
2025-01-19 00:00:00,3304.31,3375.45,3299.7,3334.37,3335.22,74.34124819,421
2025-01-19 04:00:00,3334.15,3334.49,3261.09,3275.72,3290.35,125.77286285,490
2025-01-19 08:00:00,3273.37,3275.58,3132.35,3152.48,3185.63,512.00310519,1352
2025-01-19 12:00:00,3147.74,3421.41,3147.67,3385.0,3289.97,1105.84663827,1957
2025-01-19 16:00:00,3384.25,3446.86,3381.84,3416.2,3415.82,426.80585785,826
2025-01-19 20:00:00,3416.7,3427.69,3160.06,3215.18,3257.25,1628.58686235,3330
2025-01-20 00:00:00,3214.77,3277.66,3146.28,3271.67,3204.41,859.29692496,1374
2025-01-20 04:00:00,3269.45,3448.98,3252.25,3376.6,3380.17,1528.45035559,1695
2025-01-20 08:00:00,3381.85,3409.02,3337.09,3376.14,3386.69,815.23347514,949
2025-01-20 12:00:00,3377.6,3377.95,3261.49,3339.66,3339.42,1643.64402225,1505
2025-01-20 16:00:00,3336.92,3387.75,3209.72,3341.85,3310.94,1094.57521986,2669
2025-01-20 20:00:00,3341.52,3341.53,3258.94,3280.89,3295.73,368.64597105,674
2025-01-21 00:00:00,3282.15,3287.38,3207.48,3262.52,3247.92,156.72065982,584
2025-01-21 04:00:00,3262.4,3263.48,3214.22,3263.48,3237.37,135.35259505,385
2025-01-21 08:00:00,3250.57,3311.99,3237.59,3305.41,3287.05,231.73853805,496
2025-01-21 12:00:00,3305.01,3331.35,3265.73,3294.72,3300.74,500.8285271,776
2025-01-21 16:00:00,3293.37,3367.45,3293.37,3332.5,3335.01,221.29496081,707
2025-01-21 20:00:00,3331.58,3344.05,3304.26,3327.54,3332.24,1002.41628482,651
2025-01-22 00:00:00,3327.27,3363.53,3323.6,3329.56,3341.92,103.94905951,291
2025-01-22 04:00:00,3330.69,3337.02,3288.2,3289.91,3317.15,227.73153236,240
2025-01-22 08:00:00,3288.77,3328.47,3275.62,3326.7,3299.99,169.91134637,297
2025-01-22 12:00:00,3326.71,3329.25,3270.32,3279.15,3299.02,289.35369255,544
2025-01-22 16:00:00,3274.62,3288.34,3242.12,3262.46,3268.32,198.26596937,544
2025-01-22 20:00:00,3262.24,3274.62,3222.5,3241.48,3247.75,263.44052849,488
2025-01-23 00:00:00,3239.68,3258.67,3206.53,3218.44,3227.22,331.14157095,326
2025-01-23 04:00:00,3226.54,3231.31,3186.37,3229.7,3209.76,959.07555533,403
2025-01-23 08:00:00,3229.71,3231.73,3190.7,3210.99,3204.94,225.98720171,246
2025-01-23 12:00:00,3213.88,3284.94,3190.61,3255.53,3238.38,386.23506372,711
2025-01-23 16:00:00,3258.26,3295.0,3197.09,3204.08,3249.3,235.54666187,542
2025-01-23 20:00:00,3207.01,3347.65,3197.43,3336.14,3283.43,1244.07730117,1032
2025-01-24 00:00:00,3338.83,3346.44,3279.24,3301.32,3326.0,152.1520563,385
2025-01-24 04:00:00,3299.27,3417.81,3295.47,3384.91,3352.4,807.0597464,809
2025-01-24 08:00:00,3384.9,3414.23,3380.5,3400.08,3400.7,954.52504714,821
2025-01-24 12:00:00,3398.99,3428.9,3355.6,3384.09,3394.37,899.27529839,548
2025-01-24 16:00:00,3383.83,3406.5,3364.97,3368.29,3385.16,114.03841086,349
2025-01-24 20:00:00,3368.64,3378.25,3306.28,3310.61,3340.82,930.48872463,725
2025-01-25 00:00:00,3310.0,3322.38,3270.03,3319.64,3286.57,212.98213606,437
2025-01-25 04:00:00,3315.55,3316.06,3285.81,3290.66,3294.27,50.6358779,129
2025-01-25 08:00:00,3289.47,3309.11,3274.3,3308.11,3287.2,193.91163288,203
2025-01-25 12:00:00,3302.89,3307.68,3295.49,3306.01,3300.28,41.38385097,151
2025-01-25 16:00:00,3298.73,3344.05,3265.07,3337.18,3312.23,507.54166368,656
2025-01-25 20:00:00,3340.31,3349.45,3317.33,3317.58,3339.2,62.34203522,246
2025-01-26 00:00:00,3317.58,3344.43,3316.44,3338.22,3324.27,16.27970493,179
2025-01-26 04:00:00,3338.22,3359.71,3333.85,3337.76,3351.24,45.89780555,176
2025-01-26 08:00:00,3339.34,3342.28,3295.53,3313.2,3304.63,382.47117103,257
2025-01-26 12:00:00,3313.19,3317.9,3300.0,3315.77,3303.92,46.31736025,196
2025-01-26 16:00:00,3314.99,3343.09,3309.26,3338.93,3339.73,377.74163459,375
2025-01-26 20:00:00,3338.4,3340.71,3231.44,3232.58,3286.24,808.16945577,605
2025-01-27 00:00:00,3232.56,3251.63,3164.43,3183.49,3193.42,1004.36651748,722
2025-01-27 04:00:00,3182.29,3182.77,3023.82,3071.22,3110.05,1638.99539211,1412
2025-01-27 08:00:00,3070.39,3089.62,3034.6,3060.51,3061.42,282.09111686,752
2025-01-27 12:00:00,3061.59,3150.0,3056.87,3133.04,3106.2,579.81969576,870
2025-01-27 16:00:00,3132.98,3132.98,3050.0,3073.57,3074.29,636.82373575,628
2025-01-27 20:00:00,3075.6,3235.95,3074.82,3179.47,3140.86,364.93760913,999
2025-01-28 00:00:00,3180.93,3214.92,3152.62,3203.14,3182.21,193.52335339,321
2025-01-28 04:00:00,3203.62,3220.04,3190.08,3194.8,3206.48,77.46140346,227
2025-01-28 08:00:00,3195.84,3204.95,3179.49,3186.74,3191.42,88.17672214,305
2025-01-28 12:00:00,3186.42,3210.89,3158.2,3179.37,3176.08,226.18807274,525
2025-01-28 16:00:00,3180.0,3180.4,3121.55,3145.08,3153.35,121.87162879,636
2025-01-28 20:00:00,3146.76,3152.35,3041.95,3079.84,3081.81,167.07291424,513
2025-01-29 00:00:00,3078.15,3130.84,3078.15,3129.57,3108.63,29.32988305,284
2025-01-29 04:00:00,3130.4,3156.54,3118.27,3155.74,3139.18,64.12554046,229
2025-01-29 08:00:00,3156.75,3162.16,3121.5,3134.25,3137.29,472.11873967,289
2025-01-29 12:00:00,3132.34,3137.41,3082.87,3099.61,3103.2,439.54696734,475
2025-01-29 16:00:00,3100.34,3149.98,3056.78,3128.51,3105.74,432.55327093,535
2025-01-29 20:00:00,3125.89,3179.57,3092.88,3111.65,3136.24,291.32309746,558
2025-01-30 00:00:00,3113.53,3199.22,3094.63,3199.22,3152.1,28.10082763,288
2025-01-30 04:00:00,3200.0,3210.89,3181.0,3189.17,3191.03,257.0461769,335
2025-01-30 08:00:00,3189.16,3227.21,3182.27,3221.98,3210.31,233.00749779,320
2025-01-30 12:00:00,3223.86,3278.77,3211.05,3257.12,3250.69,816.87649339,676
2025-01-30 16:00:00,3257.11,3281.93,3250.6,3271.62,3269.92,228.52583184,379
2025-01-30 20:00:00,3271.71,3272.41,3229.38,3246.98,3254.38,136.8261371,338
2025-01-31 00:00:00,3248.81,3277.25,3222.78,3231.52,3257.35,315.77020641,331
2025-01-31 04:00:00,3227.64,3274.29,3216.18,3245.14,3249.62,148.05684701,295
2025-01-31 08:00:00,3241.72,3335.44,3236.31,3335.44,3283.53,227.87629455,524
2025-01-31 12:00:00,3335.99,3425.24,3326.41,3425.24,3365.2,1522.43253101,1483
2025-01-31 16:00:00,3425.22,3436.37,3297.03,3342.96,3368.19,528.65734413,1022
2025-01-31 20:00:00,3339.18,3339.18,3279.21,3297.52,3306.7,552.11130649,548
2025-02-01 00:00:00,3297.52,3328.92,3285.19,3291.25,3306.83,41.81030655,208
2025-02-01 04:00:00,3293.22,3305.23,3274.09,3280.58,3291.03,18.8528789,167
2025-02-01 08:00:00,3281.89,3283.1,3227.01,3250.85,3242.48,717.61657521,375
2025-02-01 12:00:00,3250.32,3271.18,3230.68,3250.71,3259.48,278.32045417,278
2025-02-01 16:00:00,3252.67,3266.86,3181.53,3195.21,3219.96,447.70648664,477
2025-02-01 20:00:00,3196.16,3196.16,3105.0,3118.13,3150.9,251.91515915,571
2025-02-02 00:00:00,3117.44,3161.99,3072.33,3074.52,3105.66,930.11565079,414
2025-02-02 04:00:00,3085.11,3134.1,3078.07,3100.14,3106.26,386.50184501,300
2025-02-02 08:00:00,3099.66,3121.78,3052.64,3065.01,3089.2,288.86138609,368
2025-02-02 12:00:00,3063.66,3101.31,3052.01,3081.3,3072.18,199.19438998,419
2025-02-02 16:00:00,3077.0,3078.78,2896.17,2957.61,2974.33,2228.01735219,2227
2025-02-02 20:00:00,2956.6,2985.5,2750.81,2870.54,2861.6,3091.71262406,2466
2025-02-03 00:00:00,2870.06,2870.06,2125.81,2526.23,2502.79,8809.10291291,11665
2025-02-03 04:00:00,2526.0,2630.0,2450.0,2622.32,2519.89,2477.60861339,1735
2025-02-03 08:00:00,2621.77,2622.0,2528.44,2582.64,2578.42,1348.20633903,1624
2025-02-03 12:00:00,2587.71,2727.02,2532.72,2702.09,2614.86,1842.78090589,1772
2025-02-03 16:00:00,2700.49,2768.61,2669.48,2761.6,2728.98,1306.8825115,1192
2025-02-03 20:00:00,2761.05,2918.68,2697.85,2879.29,2808.65,1255.06134855,1567
2025-02-04 00:00:00,2879.29,2886.28,2797.69,2810.08,2837.96,127.90434476,548
2025-02-04 04:00:00,2812.64,2832.26,2666.63,2703.49,2727.04,1026.24005851,1000
2025-02-04 08:00:00,2702.85,2788.75,2679.89,2758.35,2733.03,291.21991505,605
2025-02-04 12:00:00,2759.22,2842.89,2735.38,2778.07,2797.52,622.24627705,981
2025-02-04 16:00:00,2779.68,2868.09,2768.4,2775.48,2817.4,611.77768696,828
2025-02-04 20:00:00,2781.86,2794.68,2635.78,2735.66,2712.61,364.12139786,975
2025-02-05 00:00:00,2732.63,2766.66,2699.71,2719.38,2740.38,549.41696613,515
2025-02-05 04:00:00,2720.7,2784.21,2712.36,2761.09,2742.87,132.65677679,418
2025-02-05 08:00:00,2758.59,2817.14,2747.51,2799.42,2777.83,403.07591166,838
2025-02-05 12:00:00,2802.02,2824.66,2761.22,2770.27,2791.99,253.57014818,549
2025-02-05 16:00:00,2765.27,2782.01,2716.01,2782.01,2746.92,122.35818666,492
2025-02-05 20:00:00,2774.89,2801.04,2741.35,2790.67,2771.87,78.12331874,524
2025-02-06 00:00:00,2787.56,2817.61,2761.25,2807.89,2809.38,839.10203311,525
2025-02-06 04:00:00,2809.41,2853.83,2807.61,2831.73,2831.75,79.20844298,339
2025-02-06 08:00:00,2832.91,2855.01,2796.0,2804.64,2839.78,449.89026089,435
2025-02-06 12:00:00,2805.64,2806.33,2686.3,2704.03,2745.18,1185.02774636,738
2025-02-06 16:00:00,2705.31,2726.94,2675.0,2691.45,2702.94,408.41829908,659
2025-02-06 20:00:00,2695.9,2723.44,2657.07,2688.69,2690.03,435.90600038,407
2025-02-07 00:00:00,2686.05,2736.56,2686.04,2711.84,2716.37,142.04692244,248
2025-02-07 04:00:00,2716.45,2728.76,2663.1,2713.48,2674.3,1169.11756922,450
2025-02-07 08:00:00,2713.48,2762.02,2713.48,2762.02,2736.88,129.22547837,274
2025-02-07 12:00:00,2762.72,2797.16,2711.74,2719.83,2764.64,386.42835068,749
2025-02-07 16:00:00,2717.06,2725.99,2657.23,2660.25,2686.09,491.20460422,494
2025-02-07 20:00:00,2657.0,2657.0,2564.05,2622.32,2585.99,743.15612117,777
2025-02-08 00:00:00,2622.25,2664.33,2617.29,2642.45,2647.56,125.6967561,284
2025-02-08 04:00:00,2645.36,2648.46,2597.58,2632.26,2626.98,317.21728516,282
2025-02-08 08:00:00,2629.32,2630.8,2602.88,2610.0,2614.31,131.03934553,247
2025-02-08 12:00:00,2617.86,2635.55,2590.13,2603.36,2608.68,46.94310868,292
2025-02-08 16:00:00,2606.48,2647.49,2591.26,2637.97,2626.25,159.17034339,380
2025-02-08 20:00:00,2638.49,2644.15,2625.22,2632.87,2634.13,434.23455371,308
2025-02-09 00:00:00,2633.66,2695.06,2627.57,2678.01,2671.42,177.30440786,360
2025-02-09 04:00:00,2674.2,2674.21,2652.17,2663.31,2663.65,22.02167698,182
2025-02-09 08:00:00,2666.35,2671.83,2654.55,2660.98,2661.59,105.8063905,241
2025-02-09 12:00:00,2655.16,2661.54,2612.61,2652.85,2640.64,120.99987964,345
2025-02-09 16:00:00,2649.67,2662.44,2619.5,2623.83,2645.28,23.63859981,257
2025-02-09 20:00:00,2625.33,2646.15,2523.87,2626.63,2585.91,358.45469925,784
2025-02-10 00:00:00,2627.12,2656.61,2562.94,2625.87,2618.73,173.38396812,431
2025-02-10 04:00:00,2622.56,2657.14,2619.85,2636.91,2634.87,106.45576388,334
2025-02-10 08:00:00,2640.99,2659.27,2638.18,2655.09,2649.28,125.18559853,406
2025-02-10 12:00:00,2655.09,2682.45,2635.6,2658.22,2653.14,270.07076726,529
2025-02-10 16:00:00,2658.98,2691.8,2651.53,2672.82,2682.56,284.06572425,497
2025-02-10 20:00:00,2672.6,2681.6,2653.58,2659.57,2669.25,206.93083962,312
2025-02-11 00:00:00,2661.36,2723.79,2661.36,2678.0,2699.49,123.95576257,338
2025-02-11 04:00:00,2678.0,2725.0,2677.79,2714.14,2707.07,121.38854939,432
2025-02-11 08:00:00,2708.12,2718.52,2692.09,2708.58,2705.69,219.15367603,344
2025-02-11 12:00:00,2707.97,2707.98,2628.0,2661.61,2668.66,171.60803738,499
2025-02-11 16:00:00,2662.75,2667.77,2586.38,2591.85,2630.09,319.36362977,515
2025-02-11 20:00:00,2592.92,2629.28,2560.0,2603.37,2591.85,221.41956881,430
2025-02-12 00:00:00,2598.29,2623.22,2572.7,2588.74,2591.9,39.93210099,234
2025-02-12 04:00:00,2586.48,2621.17,2580.0,2620.53,2605.94,64.46557913,239
2025-02-12 08:00:00,2623.55,2637.43,2611.52,2626.54,2619.57,107.48635186,286
2025-02-12 12:00:00,2627.78,2664.33,2550.0,2606.95,2602.35,706.2709864,1085
2025-02-12 16:00:00,2606.82,2681.22,2586.35,2677.96,2656.76,319.35828149,580
2025-02-12 20:00:00,2677.85,2792.63,2670.74,2737.58,2737.25,946.7683842,934
2025-02-13 00:00:00,2738.86,2757.25,2717.24,2743.55,2733.72,83.98507575,335
2025-02-13 04:00:00,2744.08,2744.28,2674.05,2681.29,2686.42,251.94538542,332
2025-02-13 08:00:00,2680.14,2686.71,2652.41,2656.19,2672.18,87.78591659,338
2025-02-13 12:00:00,2652.64,2677.43,2619.0,2648.5,2649.09,228.46591765,609
2025-02-13 16:00:00,2646.46,2659.42,2615.42,2642.72,2633.23,426.88628189,401
2025-02-13 20:00:00,2641.65,2677.17,2640.85,2674.85,2668.69,126.26204575,274
2025-02-14 00:00:00,2676.53,2719.87,2667.44,2714.55,2689.54,242.23824056,602
2025-02-14 04:00:00,2715.09,2715.77,2691.52,2700.08,2700.96,43.46574472,732
2025-02-14 08:00:00,2701.28,2716.13,2682.94,2686.29,2693.83,313.69323856,703
2025-02-14 12:00:00,2684.4,2746.59,2678.69,2733.92,2715.11,294.77208932,907
2025-02-14 16:00:00,2735.45,2789.59,2713.0,2737.84,2755.3,218.48455476,936
2025-02-14 20:00:00,2739.15,2750.85,2707.03,2725.09,2730.99,192.08072041,458
2025-02-15 00:00:00,2724.76,2735.57,2707.02,2725.0,2724.13,108.1767401,197
2025-02-15 04:00:00,2724.04,2731.74,2697.85,2700.69,2710.51,68.27910363,153
2025-02-15 08:00:00,2702.33,2714.28,2696.66,2709.67,2701.45,85.03591576,179
2025-02-15 12:00:00,2709.67,2712.81,2665.35,2687.72,2698.68,108.50874104,312
2025-02-15 16:00:00,2691.4,2706.83,2681.47,2692.55,2694.55,100.38534361,287
2025-02-15 20:00:00,2694.78,2704.52,2681.82,2690.19,2694.81,27.70769643,113
2025-02-16 00:00:00,2693.15,2703.71,2690.51,2698.16,2694.45,23.32813727,114
2025-02-16 04:00:00,2699.99,2725.49,2692.56,2694.84,2704.58,16.78836287,151
2025-02-16 08:00:00,2695.79,2712.54,2693.52,2711.57,2701.86,20.9080738,175
2025-02-16 12:00:00,2710.37,2711.64,2679.8,2696.27,2694.48,58.36822879,231
2025-02-16 16:00:00,2693.41,2700.95,2661.84,2684.09,2683.12,41.29449528,243
2025-02-16 20:00:00,2683.19,2686.41,2653.08,2663.84,2669.62,49.40045596,260
2025-02-17 00:00:00,2661.63,2682.3,2659.95,2672.26,2669.17,51.13319208,189
2025-02-17 04:00:00,2672.08,2693.29,2638.63,2684.06,2679.19,143.2113707,269
2025-02-17 08:00:00,2679.38,2771.43,2679.14,2757.77,2743.62,356.3285851,496
2025-02-17 12:00:00,2756.08,2850.11,2748.46,2756.63,2796.57,1263.22009304,911
2025-02-17 16:00:00,2756.69,2762.24,2690.05,2718.32,2719.88,235.01864818,496
2025-02-17 20:00:00,2718.34,2778.21,2717.83,2743.8,2745.84,158.51158855,355
2025-02-18 00:00:00,2745.15,2751.97,2707.98,2709.14,2724.35,65.31194211,247
2025-02-18 04:00:00,2709.97,2717.21,2655.0,2672.69,2672.34,352.99321102,420
2025-02-18 08:00:00,2671.79,2703.37,2657.18,2680.03,2681.31,287.3994974,383
2025-02-18 12:00:00,2680.96,2728.95,2661.23,2673.8,2686.09,348.74678448,452
2025-02-18 16:00:00,2674.15,2681.98,2605.32,2631.53,2638.38,838.77141077,780
2025-02-18 20:00:00,2629.1,2670.44,2621.53,2670.43,2654.33,110.76229627,281
2025-02-19 00:00:00,2670.44,2699.18,2658.28,2693.91,2685.65,280.28991592,314
2025-02-19 04:00:00,2694.74,2715.36,2667.96,2709.55,2695.49,53.7147627,283
2025-02-19 08:00:00,2709.33,2736.55,2709.05,2727.46,2722.8,656.13341268,761
2025-02-19 12:00:00,2724.52,2728.75,2679.02,2695.96,2700.8,506.879955,400
2025-02-19 16:00:00,2695.97,2721.43,2695.75,2711.89,2704.27,310.28444388,428
2025-02-19 20:00:00,2712.5,2729.35,2710.35,2716.49,2720.51,74.87864338,259
2025-02-20 00:00:00,2716.13,2748.54,2713.36,2743.18,2738.69,108.37964487,292
2025-02-20 04:00:00,2742.32,2757.13,2724.05,2733.93,2738.05,30.6799461,162
2025-02-20 08:00:00,2730.98,2747.09,2726.3,2741.35,2733.41,108.92375088,195
2025-02-20 12:00:00,2741.76,2768.34,2709.86,2709.86,2735.45,534.29179997,504
2025-02-20 16:00:00,2710.34,2765.35,2709.86,2748.55,2740.6,317.49039532,408
2025-02-20 20:00:00,2748.55,2761.07,2723.61,2739.99,2737.52,51.73948072,263
2025-02-21 00:00:00,2742.18,2747.72,2728.8,2740.63,2740.33,17.64530857,200
2025-02-21 04:00:00,2745.46,2769.0,2745.28,2756.6,2755.73,127.5015501,214
2025-02-21 08:00:00,2759.23,2828.33,2749.09,2789.73,2790.99,1303.60293046,804
2025-02-21 12:00:00,2789.8,2843.0,2675.78,2721.53,2776.46,1221.5567724,1396
2025-02-21 16:00:00,2722.47,2767.68,2627.25,2639.2,2679.23,785.2102473,1450
2025-02-21 20:00:00,2639.57,2662.67,2619.38,2660.5,2639.85,375.68576572,507
2025-02-22 00:00:00,2661.74,2686.62,2656.32,2675.22,2676.02,142.85102811,266
2025-02-22 04:00:00,2675.47,2694.42,2675.47,2688.41,2682.65,295.91836351,164
2025-02-22 08:00:00,2686.08,2750.01,2680.35,2733.12,2712.76,572.79503185,343
2025-02-22 12:00:00,2735.67,2782.18,2723.6,2778.6,2733.65,107.32115086,349
2025-02-22 16:00:00,2776.68,2795.59,2758.37,2768.64,2774.22,80.24023702,338
2025-02-22 20:00:00,2767.77,2775.82,2761.98,2762.86,2769.51,145.71712383,215
2025-02-23 00:00:00,2762.83,2773.05,2747.01,2750.97,2753.09,445.44282193,242
2025-02-23 04:00:00,2751.63,2829.89,2749.83,2825.58,2818.63,327.91566078,556
2025-02-23 08:00:00,2825.86,2829.14,2786.03,2797.88,2808.22,280.57927966,521
2025-02-23 12:00:00,2798.78,2825.68,2776.0,2783.51,2797.48,186.65089298,604
2025-02-23 16:00:00,2784.16,2823.59,2784.16,2808.28,2809.75,66.46830924,360
2025-02-23 20:00:00,2806.61,2854.32,2788.06,2827.68,2818.72,103.93154371,464
2025-02-24 00:00:00,2819.67,2838.63,2713.15,2720.0,2806.07,321.19546117,567
2025-02-24 04:00:00,2718.15,2734.18,2695.01,2722.22,2715.02,341.70235033,362
2025-02-24 08:00:00,2720.88,2720.88,2664.72,2689.57,2695.13,140.01854882,486
2025-02-24 12:00:00,2689.6,2695.0,2638.11,2658.4,2668.78,490.02213634,671
2025-02-24 16:00:00,2655.95,2680.33,2625.25,2640.02,2650.43,652.45907314,547
2025-02-24 20:00:00,2640.41,2664.29,2469.75,2513.94,2539.98,1276.53342406,1743
2025-02-25 00:00:00,2513.67,2528.48,2461.57,2500.18,2502.63,529.42278202,847
2025-02-25 04:00:00,2493.67,2511.62,2317.3,2372.36,2399.69,1152.5569334,1647
2025-02-25 08:00:00,2369.99,2437.31,2358.09,2434.89,2397.6,1469.15851231,1358
2025-02-25 12:00:00,2433.35,2447.09,2363.77,2410.65,2418.74,689.13988779,951
2025-02-25 16:00:00,2408.24,2473.03,2384.96,2471.05,2433.55,394.42168394,746
2025-02-25 20:00:00,2471.74,2531.58,2457.94,2496.44,2493.17,806.89194204,849
2025-02-26 00:00:00,2497.09,2504.06,2473.0,2492.0,2480.48,239.212444,215
2025-02-26 04:00:00,2492.0,2504.06,2476.65,2484.56,2489.64,51.72809202,179
2025-02-26 08:00:00,2486.54,2494.29,2459.36,2465.31,2473.38,251.50791488,263
2025-02-26 12:00:00,2465.01,2465.01,2372.06,2426.76,2431.36,924.05368096,789
2025-02-26 16:00:00,2429.09,2432.45,2268.33,2298.68,2319.47,737.56706457,1067
2025-02-26 20:00:00,2297.63,2381.87,2256.17,2335.01,2322.49,702.36689304,1014
2025-02-27 00:00:00,2337.0,2369.98,2318.4,2332.98,2340.94,64.62562815,359
2025-02-27 04:00:00,2332.35,2371.69,2305.41,2358.17,2352.09,218.43166832,359
2025-02-27 08:00:00,2355.82,2380.0,2346.4,2353.18,2362.25,66.70115385,296
2025-02-27 12:00:00,2353.45,2358.16,2292.55,2325.36,2335.79,96.76368711,456
2025-02-27 16:00:00,2323.04,2334.68,2279.65,2294.79,2312.87,302.19534361,377
2025-02-27 20:00:00,2288.58,2309.48,2232.58,2307.49,2262.46,258.37754766,629
2025-02-28 00:00:00,2306.3,2312.34,2126.0,2145.67,2182.11,903.19547757,1550
2025-02-28 04:00:00,2145.37,2153.33,2079.22,2103.64,2107.79,642.23667353,1477
2025-02-28 08:00:00,2106.02,2150.78,2078.53,2127.01,2119.59,513.88440737,631
2025-02-28 12:00:00,2126.37,2224.61,2108.09,2220.4,2155.99,733.65887627,781
2025-02-28 16:00:00,2222.89,2253.1,2196.35,2227.77,2230.22,466.44658423,680
2025-02-28 20:00:00,2231.42,2238.52,2200.32,2236.24,2216.17,62.26882326,187
2025-03-01 00:00:00,2235.08,2273.0,2213.88,2263.39,2249.94,174.66388097,219
2025-03-01 04:00:00,2262.57,2279.24,2225.54,2231.9,2254.36,65.10676032,156
2025-03-01 08:00:00,2233.18,2239.39,2173.2,2184.18,2200.64,146.96725383,246
2025-03-01 12:00:00,2183.14,2185.5,2144.84,2176.99,2164.9,75.44024955,219
2025-03-01 16:00:00,2174.82,2231.9,2171.81,2222.92,2188.66,37.92721046,195
2025-03-01 20:00:00,2222.53,2234.66,2194.52,2217.38,2221.43,142.1825357,158
2025-03-02 00:00:00,2217.74,2228.36,2203.24,2223.96,2219.16,49.80173888,269
2025-03-02 04:00:00,2222.57,2235.12,2220.77,2222.55,2225.87,10.5724529,121
2025-03-02 08:00:00,2221.6,2257.71,2208.01,2238.63,2241.14,297.12116296,210
2025-03-02 12:00:00,2238.88,2290.57,2175.77,2232.65,2235.84,254.34620139,695
2025-03-02 16:00:00,2231.33,2519.28,2216.24,2488.4,2434.97,1866.68997113,2793
2025-03-02 20:00:00,2490.35,2550.0,2486.59,2515.14,2527.88,522.74857151,769
2025-03-03 00:00:00,2519.02,2523.17,2421.64,2440.0,2453.49,247.58219137,550
2025-03-03 04:00:00,2441.42,2455.91,2355.72,2390.0,2407.84,362.54245226,936
2025-03-03 08:00:00,2386.65,2386.65,2323.15,2356.17,2361.37,202.61150053,570
2025-03-03 12:00:00,2355.37,2386.2,2268.58,2290.65,2329.0,260.94260857,819
2025-03-03 16:00:00,2289.94,2293.09,2100.0,2109.4,2205.12,437.95387821,1301
2025-03-03 20:00:00,2106.2,2170.24,2099.57,2144.48,2132.71,675.2608577,609
2025-03-04 00:00:00,2147.39,2161.58,2005.05,2078.86,2048.93,1202.23534968,1446
2025-03-04 04:00:00,2076.78,2118.8,2070.72,2079.07,2087.1,233.06222349,350
2025-03-04 08:00:00,2087.07,2115.07,2082.49,2101.87,2093.24,220.42609489,406
2025-03-04 12:00:00,2097.81,2155.71,2028.0,2072.63,2088.08,191.89061162,1446
2025-03-04 16:00:00,2072.27,2174.49,1999.0,2171.04,2031.19,2340.55659103,1154
2025-03-04 20:00:00,2170.32,2219.28,2128.26,2170.78,2170.66,757.94269829,560
2025-03-05 00:00:00,2171.43,2190.49,2156.2,2161.58,2175.89,92.41211468,290
2025-03-05 04:00:00,2160.94,2211.76,2160.93,2209.94,2177.78,102.49072077,193
2025-03-05 08:00:00,2208.41,2272.99,2208.41,2216.33,2234.66,198.36994202,373
2025-03-05 12:00:00,2218.36,2231.89,2168.45,2186.88,2191.13,252.80078794,498
2025-03-05 16:00:00,2186.88,2221.35,2162.39,2216.06,2197.26,139.86314842,304
2025-03-05 20:00:00,2219.64,2250.0,2216.3,2242.68,2233.79,69.22727193,305
2025-03-06 00:00:00,2243.1,2294.15,2235.62,2288.43,2266.22,58.71081926,325
2025-03-06 04:00:00,2290.33,2319.24,2281.39,2281.39,2295.97,58.24582179,227
2025-03-06 08:00:00,2283.51,2304.51,2279.88,2295.65,2289.96,54.402609,164
2025-03-06 12:00:00,2292.15,2292.15,2210.67,2256.61,2257.55,876.19050677,463
2025-03-06 16:00:00,2256.6,2263.41,2178.93,2203.53,2227.58,846.53833575,442
2025-03-06 20:00:00,2194.55,2227.44,2194.55,2202.38,2205.55,99.30107715,308
2025-03-07 00:00:00,2202.1,2226.91,2104.43,2150.0,2136.17,603.50356906,892
2025-03-07 04:00:00,2148.5,2192.05,2148.5,2192.05,2176.45,365.1768491,181
2025-03-07 08:00:00,2190.84,2209.36,2178.96,2194.98,2194.9,399.76140416,222
2025-03-07 12:00:00,2195.05,2255.58,2168.08,2208.62,2202.12,2119.61589509,686
2025-03-07 16:00:00,2207.16,2213.6,2144.35,2174.59,2167.23,116.64800242,476
2025-03-07 20:00:00,2175.3,2185.58,2114.62,2140.3,2149.89,548.30447524,509
2025-03-08 00:00:00,2141.82,2153.52,2110.14,2140.27,2115.05,383.7307993,209
2025-03-08 04:00:00,2138.0,2152.01,2132.89,2137.96,2140.03,442.30808446,124
2025-03-08 08:00:00,2133.86,2141.96,2127.7,2140.25,2137.81,64.93619788,90
2025-03-08 12:00:00,2142.2,2196.45,2138.92,2181.58,2174.56,305.55338841,239
2025-03-08 16:00:00,2182.11,2231.9,2163.83,2225.69,2201.12,472.65151215,373
2025-03-08 20:00:00,2225.0,2225.0,2194.94,2202.19,2215.97,63.97659189,193
2025-03-09 00:00:00,2200.09,2209.69,2177.44,2187.41,2184.53,75.50688152,124
2025-03-09 04:00:00,2185.49,2194.26,2174.6,2185.08,2184.2,60.71525845,123
2025-03-09 08:00:00,2183.3,2186.0,2130.0,2146.91,2160.91,58.16169079,224
2025-03-09 12:00:00,2146.41,2146.41,2085.99,2096.5,2113.66,384.89847701,367
2025-03-09 16:00:00,2095.62,2106.65,1999.68,2039.64,2039.36,491.71401707,715
2025-03-09 20:00:00,2040.22,2054.2,1992.48,2020.45,2025.3,427.74297662,478
2025-03-10 00:00:00,2020.83,2068.82,1998.03,2058.99,2053.21,169.98765575,301
2025-03-10 04:00:00,2059.76,2076.51,2057.58,2073.23,2069.19,105.7457368,118
2025-03-10 08:00:00,2067.93,2150.62,2050.0,2127.7,2086.85,446.5191114,590
2025-03-10 12:00:00,2133.1,2133.1,1998.9,2019.64,2066.82,526.27697218,615
2025-03-10 16:00:00,2020.34,2021.25,1812.12,1868.58,1889.83,4652.45418541,2081
2025-03-10 20:00:00,1866.53,1901.42,1844.92,1863.4,1883.17,412.35587401,381
2025-03-11 00:00:00,1865.98,1885.97,1755.0,1847.49,1824.32,1100.00148703,1097
2025-03-11 04:00:00,1848.98,1912.44,1848.74,1905.21,1894.02,1560.08669249,338
2025-03-11 08:00:00,1901.14,1927.36,1901.14,1914.0,1917.32,1259.33800846,286
2025-03-11 12:00:00,1913.81,1959.9,1842.04,1914.11,1905.19,1404.8367438,842
2025-03-11 16:00:00,1911.85,1962.25,1888.79,1950.63,1930.1,502.80517814,478
2025-03-11 20:00:00,1952.2,1952.95,1919.72,1923.78,1939.88,102.35189749,237
2025-03-12 00:00:00,1924.36,1927.27,1869.28,1869.28,1898.9,65.60471111,255
2025-03-12 04:00:00,1868.62,1914.8,1854.25,1913.84,1888.94,1305.29994263,429
2025-03-12 08:00:00,1915.57,1955.5,1873.53,1919.24,1901.92,501.77992997,640
2025-03-12 12:00:00,1917.38,1944.87,1833.0,1863.0,1889.71,2253.72929286,1085
2025-03-12 16:00:00,1869.28,1894.53,1866.71,1880.79,1879.13,298.28638712,274
2025-03-12 20:00:00,1879.42,1913.43,1876.35,1909.69,1901.8,337.1462575,699
2025-03-13 00:00:00,1909.38,1917.27,1884.62,1889.09,1905.5,614.27603306,482
2025-03-13 04:00:00,1886.82,1887.12,1860.24,1873.24,1878.02,747.3020991,181
2025-03-13 08:00:00,1874.72,1903.01,1856.48,1897.91,1880.57,144.12809589,318
2025-03-13 12:00:00,1897.61,1922.32,1866.45,1875.08,1892.98,342.63813321,381
2025-03-13 16:00:00,1875.89,1878.13,1824.0,1854.71,1848.07,831.72117523,356
2025-03-13 20:00:00,1854.21,1881.18,1840.88,1862.47,1865.35,228.74934929,192
2025-03-14 00:00:00,1864.53,1893.77,1861.77,1887.9,1888.95,269.61639714,121
2025-03-14 04:00:00,1889.74,1904.61,1889.7,1894.77,1893.68,16.9842027,82
2025-03-14 08:00:00,1894.49,1907.04,1889.27,1903.58,1900.56,121.86068032,146
2025-03-14 12:00:00,1899.75,1940.87,1879.7,1919.63,1915.02,897.26620733,507
2025-03-14 16:00:00,1920.26,1944.79,1920.26,1934.54,1939.61,4569.96464019,989
2025-03-14 20:00:00,1930.01,1930.01,1908.79,1908.79,1921.58,129.50746616,136
2025-03-15 00:00:00,1911.65,1920.94,1905.12,1919.95,1912.16,22.42267916,162
2025-03-15 04:00:00,1918.82,1933.95,1914.88,1917.63,1926.95,138.76579875,85
2025-03-15 08:00:00,1918.5,1930.55,1915.11,1929.47,1925.73,66.14929182,116
2025-03-15 12:00:00,1927.87,1939.01,1922.92,1936.82,1927.84,365.79460232,225
2025-03-15 16:00:00,1937.68,1946.51,1930.01,1936.64,1937.1,47.94246533,184
2025-03-15 20:00:00,1937.9,1956.1,1936.81,1936.81,1943.74,169.88748923,178
2025-03-16 00:00:00,1936.54,1939.26,1918.47,1928.1,1923.79,148.57045823,535
2025-03-16 04:00:00,1928.13,1932.37,1922.99,1926.44,1927.28,66.01528104,264
2025-03-16 08:00:00,1925.56,1925.56,1868.69,1874.27,1890.93,179.97509622,402
2025-03-16 12:00:00,1875.17,1897.83,1874.91,1896.69,1888.42,266.07454185,263
2025-03-16 16:00:00,1896.67,1921.96,1862.15,1880.62,1900.75,175.49960941,347
2025-03-16 20:00:00,1886.02,1896.79,1872.0,1887.44,1886.86,76.45281202,252
2025-03-17 00:00:00,1886.8,1914.16,1886.8,1909.61,1903.46,105.09602312,165
2025-03-17 04:00:00,1909.3,1912.15,1882.06,1900.88,1894.33,207.7693146,515
2025-03-17 08:00:00,1900.38,1916.73,1894.95,1911.33,1911.12,107.83591213,255
2025-03-17 12:00:00,1911.69,1937.47,1889.62,1919.13,1914.18,1543.28646356,2523
2025-03-17 16:00:00,1919.63,1951.0,1909.86,1942.15,1944.0,437.98598541,279
2025-03-17 20:00:00,1938.05,1944.17,1922.91,1926.48,1938.22,47.89179897,105
2025-03-18 00:00:00,1927.14,1928.47,1898.93,1901.38,1911.56,93.21742884,264
2025-03-18 04:00:00,1901.51,1909.61,1895.0,1905.02,1903.88,165.72264729,215
2025-03-18 08:00:00,1904.87,1911.52,1886.94,1892.64,1896.31,123.00848695,283
2025-03-18 12:00:00,1894.38,1902.59,1873.16,1879.11,1888.35,321.62615833,395
2025-03-18 16:00:00,1882.91,1906.79,1874.6,1905.81,1882.78,122.93179762,152
2025-03-18 20:00:00,1905.67,1934.07,1900.47,1932.79,1921.05,189.94242232,187
2025-03-19 00:00:00,1929.82,1947.55,1929.23,1937.71,1935.63,278.71086972,245
2025-03-19 04:00:00,1937.72,1940.82,1931.45,1934.42,1935.26,261.20527609,277
2025-03-19 08:00:00,1931.76,2032.6,1931.76,2029.7,1985.27,1109.92762272,1142
2025-03-19 12:00:00,2028.39,2055.26,1997.02,2048.52,2023.27,355.99836853,569
2025-03-19 16:00:00,2044.6,2061.78,1999.0,2028.35,2046.42,740.21595393,700
2025-03-19 20:00:00,2031.99,2068.26,2029.69,2058.12,2045.39,179.31044695,400
2025-03-20 00:00:00,2056.51,2067.73,2020.69,2022.79,2036.19,245.1548872,394
2025-03-20 04:00:00,2024.02,2024.02,2006.6,2009.48,2016.72,76.75789293,162
2025-03-20 08:00:00,2009.44,2020.06,1974.46,1989.57,1996.57,153.41694767,382
2025-03-20 12:00:00,1989.57,2008.7,1967.76,1971.91,1989.39,781.0868018,326
2025-03-20 16:00:00,1970.67,1978.25,1952.9,1976.04,1965.49,90.72901105,228
2025-03-20 20:00:00,1974.98,1984.17,1971.37,1982.56,1977.87,99.30371147,123
2025-03-21 00:00:00,1984.18,1994.42,1974.21,1979.54,1987.8,133.74088587,143
2025-03-21 04:00:00,1982.75,1988.58,1967.99,1974.88,1971.76,40.96753492,97
2025-03-21 08:00:00,1978.75,1980.27,1958.22,1967.99,1971.76,29.11416642,165
2025-03-21 12:00:00,1969.38,1972.83,1938.23,1952.25,1947.07,580.0011346,286
2025-03-21 16:00:00,1956.22,1976.65,1954.81,1974.65,1960.77,220.5000233,155
2025-03-21 20:00:00,1977.55,1981.56,1963.2,1964.94,1972.32,20.63936397,174
2025-03-22 00:00:00,1966.85,1986.5,1966.28,1986.5,1978.42,22.1464643,81
2025-03-22 04:00:00,1986.5,1991.38,1985.04,1985.13,1987.95,28.06481589,78
2025-03-22 08:00:00,1984.81,2005.87,1982.9,1990.86,1996.2,198.88330959,287
2025-03-22 12:00:00,1990.74,1995.99,1983.64,1987.28,1990.31,67.41231441,203
2025-03-22 16:00:00,1986.17,1998.72,1983.6,1995.94,1992.56,46.6750438,156
2025-03-22 20:00:00,1998.02,2003.96,1975.63,1980.12,1989.71,52.65575596,299
2025-03-23 00:00:00,1980.65,2007.73,1978.37,2006.46,1994.03,27.63237682,197
2025-03-23 04:00:00,2006.67,2018.31,1993.12,2008.73,2010.9,31.95743454,70
2025-03-23 08:00:00,2009.0,2020.13,2003.87,2005.87,2017.91,142.62174032,147
2025-03-23 12:00:00,2011.77,2018.99,2004.26,2008.06,2010.24,48.10609197,113
2025-03-23 16:00:00,2004.64,2005.02,1989.38,1997.42,1991.74,142.5734224,112
2025-03-23 20:00:00,1996.55,2007.0,1981.69,2007.0,2000.59,500.44521235,182
2025-03-24 00:00:00,2004.06,2019.92,1979.01,2013.38,2006.38,900.19860928,230
2025-03-24 04:00:00,2017.01,2078.02,2015.31,2067.65,2040.9,1217.62391739,447
2025-03-24 08:00:00,2071.31,2102.26,2071.31,2092.2,2090.94,640.92817496,306
2025-03-24 12:00:00,2093.57,2099.86,2074.11,2089.88,2087.46,905.90197807,306
2025-03-24 16:00:00,2087.48,2100.63,2069.18,2089.8,2083.02,270.55249855,222
2025-03-24 20:00:00,2091.02,2094.68,2071.0,2081.85,2082.08,66.71058552,162
2025-03-25 00:00:00,2078.07,2095.52,2042.29,2044.29,2060.86,48.74005386,232
2025-03-25 04:00:00,2042.28,2062.42,2038.88,2055.07,2049.43,522.17942499,197
2025-03-25 08:00:00,2057.26,2073.77,2053.93,2070.08,2069.15,81.39205681,153
2025-03-25 12:00:00,2064.73,2078.09,2056.96,2067.55,2064.21,604.75518421,243
2025-03-25 16:00:00,2067.56,2082.0,2058.7,2078.47,2066.89,194.14258898,166
2025-03-25 20:00:00,2073.54,2082.45,2055.0,2067.75,2073.19,257.27489482,188
2025-03-26 00:00:00,2066.06,2075.88,2044.23,2049.01,2049.42,727.4661287,319
2025-03-26 04:00:00,2049.49,2070.44,2049.4,2070.03,2059.4,65.65668134,128
2025-03-26 08:00:00,2071.41,2074.88,2060.22,2069.37,2069.59,194.66437242,156
2025-03-26 12:00:00,2068.88,2068.88,2008.0,2012.7,2031.97,944.45129868,492
2025-03-26 16:00:00,2011.23,2021.96,1983.1,2001.77,2000.02,953.05308842,440
2025-03-26 20:00:00,2004.84,2016.62,1994.91,2009.27,2005.81,148.8842811,192
2025-03-27 00:00:00,2009.63,2035.76,2008.5,2031.29,2018.13,587.48998612,190
2025-03-27 04:00:00,2031.49,2031.49,2021.27,2026.33,2025.95,15.34216559,102
2025-03-27 08:00:00,2028.86,2035.51,2013.23,2014.03,2030.25,395.76389051,188
2025-03-27 12:00:00,2016.29,2025.03,1987.24,2006.86,2011.95,1507.85083612,462
2025-03-27 16:00:00,2006.39,2014.31,1994.91,2006.41,2006.06,76.69850095,220
2025-03-27 20:00:00,2002.43,2018.07,1999.83,2001.93,2008.97,105.98814591,110
2025-03-28 00:00:00,2003.54,2015.95,1994.18,2000.29,2013.68,137.11359067,389
2025-03-28 04:00:00,2001.62,2004.29,1903.44,1907.59,1932.71,1577.14989816,1411
2025-03-28 08:00:00,1916.29,1922.18,1861.06,1901.37,1889.21,993.42270258,546
2025-03-28 12:00:00,1901.02,1902.45,1873.78,1873.96,1886.58,307.73213882,410
2025-03-28 16:00:00,1873.04,1885.2,1863.4,1875.89,1874.62,75.25066279,219
2025-03-28 20:00:00,1875.29,1902.57,1875.29,1897.56,1899.27,861.15882636,522
2025-03-29 00:00:00,1897.07,1912.92,1888.49,1900.29,1911.0,181.07625328,168
2025-03-29 04:00:00,1900.45,1901.24,1876.97,1880.72,1884.36,37.85900471,105
2025-03-29 08:00:00,1880.76,1885.31,1834.35,1840.9,1855.19,555.43247591,568
2025-03-29 12:00:00,1844.02,1862.16,1834.37,1839.52,1846.66,64.91765579,516
2025-03-29 16:00:00,1839.54,1847.11,1799.57,1825.72,1819.19,691.40045071,536
2025-03-29 20:00:00,1824.99,1829.63,1813.04,1829.39,1819.74,23.32694954,242
2025-03-30 00:00:00,1828.87,1843.25,1815.16,1834.39,1834.12,31.03992283,96
2025-03-30 04:00:00,1835.83,1845.62,1833.64,1838.35,1842.97,161.6624548,82
2025-03-30 08:00:00,1838.96,1848.22,1828.0,1834.55,1835.51,17.3530405,88
2025-03-30 12:00:00,1834.25,1837.35,1790.0,1813.38,1808.84,809.90732585,487
2025-03-30 16:00:00,1813.55,1832.24,1786.0,1813.5,1811.58,148.2352927,271
2025-03-30 20:00:00,1814.42,1819.12,1769.35,1807.14,1789.54,131.83959635,260
2025-03-31 00:00:00,1807.71,1821.1,1778.97,1799.64,1795.51,395.05449457,262
2025-03-31 04:00:00,1798.59,1812.91,1790.59,1797.29,1801.32,89.00355123,125
2025-03-31 08:00:00,1800.86,1817.44,1778.82,1812.29,1802.16,289.80846572,271
2025-03-31 12:00:00,1812.83,1853.09,1796.62,1846.24,1825.46,660.97199103,530
2025-03-31 16:00:00,1845.9,1846.04,1819.01,1828.97,1836.17,100.51616586,169
2025-03-31 20:00:00,1827.31,1834.42,1816.84,1821.9,1823.2,31.56306938,124
2025-04-01 00:00:00,1820.72,1840.22,1820.72,1835.47,1836.14,121.58062894,140
2025-04-01 04:00:00,1834.94,1865.25,1833.03,1854.43,1853.81,124.58493854,135
2025-04-01 08:00:00,1855.58,1889.93,1855.58,1862.84,1883.01,421.69745991,245
2025-04-01 12:00:00,1863.7,1926.21,1844.92,1920.58,1873.27,2705.48376015,5050
2025-04-01 16:00:00,1919.32,1923.57,1902.93,1910.57,1911.74,1111.70466556,926
2025-04-01 20:00:00,1909.81,1921.22,1899.67,1905.6,1913.86,37.17110482,149
2025-04-02 00:00:00,1904.34,1908.48,1872.61,1876.21,1885.11,64.84413189,176
2025-04-02 04:00:00,1876.86,1882.28,1853.58,1864.12,1859.5,386.6776659,171
2025-04-02 08:00:00,1864.76,1886.1,1863.26,1869.46,1869.52,596.56695276,188
2025-04-02 12:00:00,1869.45,1917.84,1855.31,1901.42,1886.44,1049.80415756,554
2025-04-02 16:00:00,1900.27,1913.12,1883.76,1912.45,1901.11,122.86986745,557
2025-04-02 20:00:00,1905.87,1957.31,1782.34,1796.59,1887.81,1343.10386407,2135
2025-04-03 00:00:00,1795.84,1834.11,1792.35,1824.54,1818.8,103.08267954,166
2025-04-03 04:00:00,1826.61,1843.0,1808.4,1815.79,1826.62,78.41508099,176
2025-04-03 08:00:00,1817.3,1822.3,1788.22,1795.03,1794.99,415.51307007,335
2025-04-03 12:00:00,1795.9,1800.04,1750.23,1778.86,1772.75,744.04059481,813
2025-04-03 16:00:00,1781.57,1797.37,1769.97,1786.65,1780.33,140.25790396,231
2025-04-03 20:00:00,1786.6,1821.09,1784.05,1817.56,1790.32,138.03874221,153
2025-04-04 00:00:00,1819.65,1823.01,1772.74,1792.57,1796.23,86.03510421,727
2025-04-04 04:00:00,1792.49,1819.99,1785.11,1817.67,1805.96,85.30974314,133
2025-04-04 08:00:00,1818.94,1834.99,1760.0,1784.1,1785.8,485.79327025,532
2025-04-04 12:00:00,1781.64,1819.05,1770.84,1797.07,1786.83,1492.12432441,751
2025-04-04 16:00:00,1798.37,1827.13,1784.21,1810.66,1805.31,494.79969819,413
2025-04-04 20:00:00,1812.95,1826.44,1808.24,1814.76,1819.11,90.14655571,104
2025-04-05 00:00:00,1815.62,1827.17,1810.14,1810.28,1819.55,50.32257922,90
2025-04-05 04:00:00,1812.65,1815.45,1806.25,1813.18,1812.63,23.89019229,65
2025-04-05 08:00:00,1814.24,1818.8,1807.68,1808.03,1813.43,35.7955042,80
2025-04-05 12:00:00,1807.76,1808.48,1778.64,1782.2,1790.8,526.17249539,284
2025-04-05 16:00:00,1780.7,1793.76,1780.7,1782.17,1787.08,25.13464525,123
2025-04-05 20:00:00,1783.89,1808.52,1764.46,1808.49,1793.07,254.07437594,254
2025-04-06 00:00:00,1804.77,1815.35,1802.4,1809.1,1809.49,23.70095419,94
2025-04-06 04:00:00,1809.63,1812.47,1793.18,1798.04,1800.57,16.95522549,58
2025-04-06 08:00:00,1797.85,1797.85,1783.75,1788.47,1789.09,61.27246219,287
2025-04-06 12:00:00,1788.22,1790.94,1738.97,1760.19,1754.51,316.94606537,545
2025-04-06 16:00:00,1760.0,1760.0,1604.0,1629.09,1678.16,1874.90729157,2564
2025-04-06 20:00:00,1624.57,1630.75,1538.99,1580.1,1614.34,7725.77513327,3649
2025-04-07 00:00:00,1580.11,1614.74,1522.67,1544.08,1585.8,1241.93676017,930
2025-04-07 04:00:00,1545.02,1560.66,1412.86,1460.66,1492.17,3703.50982914,2861
2025-04-07 08:00:00,1459.91,1518.98,1456.42,1483.26,1490.87,861.31171444,816
2025-04-07 12:00:00,1484.15,1637.9,1480.57,1561.42,1554.38,2024.90796458,2005
2025-04-07 16:00:00,1552.92,1571.33,1527.27,1544.45,1552.53,248.95837149,441
2025-04-07 20:00:00,1546.54,1584.44,1546.33,1552.99,1576.24,637.06452,206
2025-04-08 00:00:00,1553.05,1618.78,1544.23,1579.8,1605.19,618.15172926,260
2025-04-08 04:00:00,1584.79,1600.94,1563.12,1569.83,1590.38,105.58613183,154
2025-04-08 08:00:00,1570.25,1586.75,1556.51,1586.75,1568.39,615.85936403,162
2025-04-08 12:00:00,1590.2,1591.9,1518.42,1526.55,1567.53,1497.48730978,505
2025-04-08 16:00:00,1530.32,1530.55,1454.51,1468.48,1475.37,707.35012289,636
2025-04-08 20:00:00,1467.86,1485.88,1448.09,1473.26,1464.26,211.04193681,245
2025-04-09 00:00:00,1474.69,1481.43,1384.45,1418.4,1418.97,580.20997283,1123
2025-04-09 04:00:00,1423.22,1490.08,1423.22,1482.04,1455.6,677.81250224,506
2025-04-09 08:00:00,1483.88,1494.96,1445.69,1455.02,1467.59,614.36836484,711
2025-04-09 12:00:00,1454.87,1500.0,1441.62,1484.28,1462.42,951.53345307,388
2025-04-09 16:00:00,1485.2,1671.83,1485.2,1640.67,1628.25,6780.25336587,2088
2025-04-09 20:00:00,1643.48,1686.0,1641.88,1668.01,1668.71,470.36358715,326
2025-04-10 00:00:00,1668.73,1669.62,1601.23,1614.5,1627.94,267.0549624,258
2025-04-10 04:00:00,1615.93,1623.71,1584.81,1595.1,1602.35,305.14709405,206
2025-04-10 08:00:00,1595.09,1605.51,1581.89,1594.65,1593.71,359.54277327,170
2025-04-10 12:00:00,1593.6,1624.44,1484.9,1496.63,1574.02,2770.00259371,1453
2025-04-10 16:00:00,1499.69,1532.13,1473.53,1526.08,1503.6,312.64425379,428
2025-04-10 20:00:00,1522.67,1533.46,1515.57,1523.56,1521.96,43.61067394,114
2025-04-11 00:00:00,1522.11,1549.26,1508.33,1544.68,1535.21,151.94000006,210
2025-04-11 04:00:00,1544.92,1561.51,1542.72,1554.79,1550.34,46.58783541,102
2025-04-11 08:00:00,1550.01,1583.62,1540.42,1558.89,1560.99,1394.44441047,411
2025-04-11 12:00:00,1559.18,1579.84,1543.32,1565.53,1563.6,1133.28488426,434
2025-04-11 16:00:00,1565.15,1589.25,1559.68,1566.54,1568.4,1067.24583187,862
2025-04-11 20:00:00,1565.4,1582.96,1558.23,1566.54,1567.98,38.90825483,112
2025-04-12 00:00:00,1566.62,1569.0,1547.6,1555.55,1559.33,96.39320516,106
2025-04-12 04:00:00,1550.78,1585.02,1550.77,1585.02,1576.96,35.99117222,54
2025-04-12 08:00:00,1581.28,1604.11,1581.28,1594.65,1601.15,477.43192779,167
2025-04-12 12:00:00,1594.28,1668.42,1594.28,1655.5,1650.26,493.68270792,443
2025-04-12 16:00:00,1656.59,1659.32,1629.55,1639.32,1637.62,924.15499721,187
2025-04-12 20:00:00,1643.27,1659.11,1643.0,1644.2,1649.36,79.15220582,102
2025-04-13 00:00:00,1644.33,1647.96,1607.66,1625.71,1629.54,1703.3201139,184
2025-04-13 04:00:00,1620.22,1621.08,1600.2,1614.68,1614.88,14.40080848,58
2025-04-13 08:00:00,1611.76,1627.07,1593.7,1600.66,1609.41,184.97773761,128
2025-04-13 12:00:00,1605.15,1608.89,1563.5,1584.89,1567.63,481.27722475,217
2025-04-13 16:00:00,1591.67,1647.61,1565.41,1587.74,1596.87,531.14648679,582
2025-04-13 20:00:00,1588.22,1615.19,1574.03,1597.18,1596.73,207.33737733,249
2025-04-14 00:00:00,1598.56,1659.01,1596.14,1627.54,1633.23,271.71580089,252
2025-04-14 04:00:00,1631.64,1640.65,1614.92,1634.31,1627.33,184.10907799,85
2025-04-14 08:00:00,1636.03,1690.19,1631.09,1674.99,1665.45,145.24169202,303
2025-04-14 12:00:00,1675.57,1687.14,1620.68,1631.0,1648.53,388.57621581,399
2025-04-14 16:00:00,1631.02,1650.76,1616.35,1636.27,1631.06,406.00561909,230
2025-04-14 20:00:00,1636.54,1636.54,1608.0,1620.83,1617.11,131.57478757,162
2025-04-15 00:00:00,1624.04,1641.91,1616.08,1636.94,1623.49,98.53997262,78
2025-04-15 04:00:00,1640.54,1647.02,1634.33,1644.41,1639.69,143.69333551,60
2025-04-15 08:00:00,1643.85,1651.09,1624.09,1631.38,1641.75,171.15605775,124
2025-04-15 12:00:00,1631.48,1659.63,1604.19,1614.81,1638.67,442.49313263,284
2025-04-15 16:00:00,1623.24,1626.86,1597.66,1606.89,1608.18,159.90884247,242
2025-04-15 20:00:00,1608.13,1613.09,1584.2,1589.12,1593.67,40.474614,169
2025-04-16 00:00:00,1588.62,1602.01,1577.01,1590.98,1587.46,614.88181753,190
2025-04-16 04:00:00,1591.07,1592.22,1553.78,1567.89,1578.71,123.37192165,166
2025-04-16 08:00:00,1560.0,1585.02,1558.06,1584.68,1577.45,346.17015441,141
2025-04-16 12:00:00,1584.29,1612.72,1569.81,1591.68,1581.5,542.73680621,257
2025-04-16 16:00:00,1591.68,1611.23,1539.32,1589.45,1581.22,264.72850549,374
2025-04-16 20:00:00,1589.09,1597.39,1571.68,1579.07,1583.05,63.23373749,91
2025-04-17 00:00:00,1577.33,1593.76,1577.33,1584.05,1589.76,31.70226906,77
2025-04-17 04:00:00,1585.3,1610.26,1583.02,1601.88,1598.7,187.40700855,99
2025-04-17 08:00:00,1603.26,1603.65,1590.03,1594.89,1594.24,79.20321073,83
2025-04-17 12:00:00,1594.38,1601.87,1565.33,1582.86,1592.98,139.76566141,161
2025-04-17 16:00:00,1582.24,1615.37,1578.46,1582.44,1596.63,256.93070758,172
2025-04-17 20:00:00,1585.67,1590.64,1580.5,1581.92,1585.66,47.72855241,52
2025-04-18 00:00:00,1583.82,1587.53,1578.8,1584.26,1580.81,68.42512528,57
2025-04-18 04:00:00,1582.67,1584.84,1574.19,1584.29,1581.3,33.05898578,87
2025-04-18 08:00:00,1584.36,1591.51,1583.95,1590.81,1587.17,107.84048185,101
2025-04-18 12:00:00,1591.97,1595.92,1580.86,1582.44,1589.28,11.47336201,131
2025-04-18 16:00:00,1583.83,1594.99,1583.83,1592.19,1591.02,61.29123272,119
2025-04-18 20:00:00,1593.53,1600.0,1587.7,1588.98,1595.06,95.95187731,161
2025-04-19 00:00:00,1588.48,1598.25,1586.47,1597.78,1591.59,408.68231197,512
2025-04-19 04:00:00,1598.55,1612.38,1596.22,1601.92,1597.98,66.74702139,128
2025-04-19 08:00:00,1601.92,1605.46,1595.18,1595.18,1598.71,37.63786365,78
2025-04-19 12:00:00,1597.21,1611.67,1595.61,1605.75,1597.82,1027.06020814,203
2025-04-19 16:00:00,1608.76,1630.3,1598.61,1615.41,1616.17,82.00433269,266
2025-04-19 20:00:00,1613.31,1620.58,1612.62,1614.47,1618.78,28.16571114,103
2025-04-20 00:00:00,1613.08,1617.87,1608.63,1611.19,1611.24,23.7541501,79
2025-04-20 04:00:00,1614.46,1616.35,1586.42,1596.02,1595.01,103.02471763,149
2025-04-20 08:00:00,1595.51,1595.51,1566.0,1570.95,1579.89,103.7474949,210
2025-04-20 12:00:00,1575.01,1582.42,1571.97,1573.05,1575.9,20.08197018,116
2025-04-20 16:00:00,1572.8,1586.56,1572.8,1586.56,1579.26,215.94811139,141
2025-04-20 20:00:00,1586.56,1598.94,1577.68,1585.97,1585.87,103.79564171,147
2025-04-21 00:00:00,1587.67,1641.59,1587.67,1634.03,1616.74,234.11577106,309
2025-04-21 04:00:00,1638.0,1655.57,1634.25,1646.08,1643.12,123.02522271,249
2025-04-21 08:00:00,1648.75,1650.95,1618.58,1623.91,1643.37,374.71164784,242
2025-04-21 12:00:00,1626.26,1638.95,1610.75,1622.82,1623.78,70.92273073,223
2025-04-21 16:00:00,1623.0,1625.35,1563.7,1577.46,1582.05,322.92694724,440
2025-04-21 20:00:00,1574.47,1580.02,1572.94,1579.69,1575.68,41.33557871,140
2025-04-22 00:00:00,1579.5,1593.04,1539.85,1578.19,1566.57,165.72995765,407
2025-04-22 04:00:00,1579.18,1623.08,1574.86,1618.61,1588.41,57.71937833,168
2025-04-22 08:00:00,1623.88,1636.47,1615.03,1631.42,1626.97,223.31702283,213
2025-04-22 12:00:00,1631.42,1724.45,1630.15,1696.14,1669.83,2608.31034682,927
2025-04-22 16:00:00,1702.9,1707.69,1685.2,1698.16,1691.81,329.65226954,195
2025-04-22 20:00:00,1698.18,1775.94,1693.01,1755.68,1747.13,796.65147716,781
2025-04-23 00:00:00,1757.3,1805.0,1747.04,1795.98,1787.31,276.52730274,404
2025-04-23 04:00:00,1797.58,1815.35,1775.38,1792.17,1796.15,201.88988634,301
2025-04-23 08:00:00,1788.47,1810.53,1780.31,1795.0,1796.38,79.97616231,258
2025-04-23 12:00:00,1796.95,1832.92,1762.4,1789.45,1809.99,497.9555042,946
2025-04-23 16:00:00,1793.86,1809.99,1778.58,1783.92,1799.35,279.11291501,446
2025-04-23 20:00:00,1787.43,1806.1,1787.43,1795.61,1796.63,32.78196818,265
2025-04-24 00:00:00,1796.53,1801.0,1768.05,1769.0,1785.55,148.84113902,271
2025-04-24 04:00:00,1768.36,1775.0,1752.53,1755.29,1765.28,43.12545517,245
2025-04-24 08:00:00,1756.26,1760.11,1723.85,1754.18,1741.85,91.21581335,406
2025-04-24 12:00:00,1754.72,1776.66,1745.65,1764.65,1758.86,119.38328688,279
2025-04-24 16:00:00,1765.51,1776.89,1747.61,1765.2,1762.47,131.31615318,261
2025-04-24 20:00:00,1765.58,1773.45,1749.29,1769.4,1761.2,43.87772922,182
2025-04-25 00:00:00,1769.69,1789.68,1740.26,1758.32,1746.9,168.29281448,231
2025-04-25 04:00:00,1762.01,1781.05,1761.45,1773.18,1772.26,73.72683337,138
2025-04-25 08:00:00,1777.49,1791.44,1769.05,1788.43,1778.82,120.6714664,220
2025-04-25 12:00:00,1786.04,1825.17,1759.65,1807.56,1784.1,1100.17872646,737
2025-04-25 16:00:00,1806.99,1810.52,1784.23,1801.94,1792.93,622.77563244,356
2025-04-25 20:00:00,1802.6,1807.62,1785.32,1785.32,1794.28,318.76574552,197
2025-04-26 00:00:00,1791.34,1813.83,1788.08,1797.83,1803.76,205.02341782,161
2025-04-26 04:00:00,1797.65,1809.86,1790.46,1806.09,1799.55,40.18830726,79
2025-04-26 08:00:00,1800.55,1842.9,1780.01,1785.62,1833.05,638.68861236,413
2025-04-26 12:00:00,1788.82,1803.72,1784.52,1801.46,1795.33,46.94319396,134
2025-04-26 16:00:00,1799.95,1813.35,1796.77,1813.35,1802.92,27.06590724,93
2025-04-26 20:00:00,1813.66,1829.28,1806.08,1822.25,1816.48,19.96064307,133
2025-04-27 00:00:00,1822.23,1855.24,1803.17,1807.38,1825.93,165.97661885,360
2025-04-27 04:00:00,1807.71,1809.49,1791.47,1802.99,1799.42,16.00276384,89
2025-04-27 08:00:00,1802.81,1814.17,1802.81,1807.61,1810.6,58.31656624,101
2025-04-27 12:00:00,1807.5,1807.5,1784.0,1793.49,1798.09,114.22259806,239
2025-04-27 16:00:00,1792.77,1806.63,1789.1,1806.63,1801.09,18.84195932,194
2025-04-27 20:00:00,1803.41,1805.99,1788.15,1793.45,1798.49,28.75348422,144
2025-04-28 00:00:00,1791.74,1792.09,1754.59,1784.1,1769.92,275.38098464,467
2025-04-28 04:00:00,1785.68,1810.53,1785.67,1805.1,1804.22,180.49330376,150
2025-04-28 08:00:00,1805.54,1826.49,1790.0,1815.04,1813.2,205.7459982,312
2025-04-28 12:00:00,1815.57,1816.29,1755.19,1760.57,1789.29,103.64461002,473
2025-04-28 16:00:00,1759.79,1803.66,1747.24,1796.82,1773.93,217.61858045,399
2025-04-28 20:00:00,1797.23,1804.54,1783.19,1798.2,1797.07,72.66741793,210
2025-04-29 00:00:00,1799.43,1810.0,1788.93,1802.57,1799.08,21.80646114,121
2025-04-29 04:00:00,1804.08,1823.79,1788.6,1821.51,1814.99,51.70133583,273
2025-04-29 08:00:00,1823.37,1841.9,1816.65,1829.96,1830.18,251.17817004,515
2025-04-29 12:00:00,1826.93,1832.86,1804.42,1814.8,1817.61,155.27217668,362
2025-04-29 16:00:00,1815.08,1830.55,1807.53,1822.76,1822.42,55.7211873,226
2025-04-29 20:00:00,1822.79,1823.64,1782.92,1799.12,1808.36,409.70550626,498
2025-04-30 00:00:00,1799.03,1811.3,1790.44,1809.06,1803.38,44.78842666,350
2025-04-30 04:00:00,1806.7,1811.58,1792.27,1796.52,1806.23,25.55406123,111
2025-04-30 08:00:00,1796.32,1815.3,1794.19,1815.3,1806.63,131.72583866,139
2025-04-30 12:00:00,1814.63,1815.81,1733.67,1765.48,1763.37,130.85061739,547
2025-04-30 16:00:00,1763.27,1791.27,1757.63,1791.27,1779.16,153.2726798,220
2025-04-30 20:00:00,1791.44,1807.03,1790.61,1792.41,1800.43,145.00655491,252
2025-05-01 00:00:00,1793.8,1818.86,1793.8,1807.65,1803.81,35.01361844,655
2025-05-01 04:00:00,1806.97,1814.52,1803.69,1811.98,1810.38,29.79253989,87
2025-05-01 08:00:00,1811.67,1856.77,1810.26,1846.1,1826.18,226.4336022,541
2025-05-01 12:00:00,1846.11,1871.07,1826.27,1852.19,1849.09,348.28267332,453
2025-05-01 16:00:00,1854.08,1870.0,1840.87,1844.81,1850.6,135.74150825,222
2025-05-01 20:00:00,1843.9,1850.84,1834.47,1839.59,1842.53,13.94140365,159
2025-05-02 00:00:00,1837.93,1851.08,1837.93,1848.28,1842.94,47.78216963,89
2025-05-02 04:00:00,1848.25,1848.25,1818.18,1819.0,1831.68,257.20947321,218
2025-05-02 08:00:00,1817.02,1835.22,1815.18,1832.57,1828.35,83.79948799,296
2025-05-02 12:00:00,1834.37,1853.46,1828.91,1841.65,1843.55,195.09159403,251
2025-05-02 16:00:00,1853.53,1870.0,1832.73,1838.17,1850.09,154.53730351,158
2025-05-02 20:00:00,1841.02,1847.85,1833.6,1841.6,1841.96,9.85522774,63
2025-05-03 00:00:00,1842.2,1842.2,1827.62,1833.38,1837.46,7.71782383,99
2025-05-03 04:00:00,1834.98,1838.16,1826.08,1827.41,1827.97,45.75629865,207
2025-05-03 08:00:00,1825.33,1830.32,1820.0,1822.73,1825.77,47.09120329,229
2025-05-03 12:00:00,1824.56,1838.85,1824.56,1835.28,1835.31,12.61549421,118
2025-05-03 16:00:00,1834.32,1838.12,1811.75,1838.12,1826.86,12.87568046,149
2025-05-03 20:00:00,1837.63,1846.35,1831.23,1833.35,1835.99,33.88555846,86
2025-05-04 00:00:00,1833.91,1845.6,1831.99,1834.34,1836.71,3.87317482,37
2025-05-04 04:00:00,1834.0,1848.1,1832.12,1839.6,1843.81,6.47916967,59
2025-05-04 08:00:00,1841.17,1841.17,1824.49,1829.07,1829.46,66.91737309,105
2025-05-04 12:00:00,1827.61,1833.45,1820.76,1830.56,1830.18,27.05996402,118
2025-05-04 16:00:00,1832.25,1832.25,1823.78,1828.05,1826.43,11.37592208,99
2025-05-04 20:00:00,1829.95,1840.71,1804.51,1808.93,1821.98,67.76428987,208
2025-05-05 00:00:00,1808.05,1817.34,1783.45,1796.05,1800.72,311.01719419,508
2025-05-05 04:00:00,1794.54,1827.69,1794.54,1826.04,1815.16,35.7744577,125
2025-05-05 08:00:00,1826.1,1830.0,1799.74,1805.49,1807.37,324.17645365,159
2025-05-05 12:00:00,1800.91,1815.48,1795.41,1800.27,1805.32,218.21056522,202
2025-05-05 16:00:00,1802.99,1827.89,1802.99,1819.21,1810.0,41.73682162,106
2025-05-05 20:00:00,1813.01,1831.58,1802.66,1819.78,1818.87,20.87436333,123
2025-05-06 00:00:00,1819.85,1820.24,1794.53,1806.48,1802.32,654.76635725,218
2025-05-06 04:00:00,1806.05,1807.49,1799.9,1806.59,1804.38,242.4107248,129
2025-05-06 08:00:00,1803.06,1804.68,1757.64,1768.88,1787.73,101.54623668,406
2025-05-06 12:00:00,1768.88,1777.91,1752.76,1770.32,1769.94,136.37211793,246
2025-05-06 16:00:00,1769.89,1797.08,1762.69,1785.58,1777.33,184.23008935,324
2025-05-06 20:00:00,1783.12,1817.44,1766.11,1814.85,1787.74,147.91575493,256
2025-05-07 00:00:00,1816.98,1849.0,1816.04,1826.94,1830.11,176.07330662,413
2025-05-07 04:00:00,1826.74,1837.38,1825.87,1837.38,1830.88,579.72646234,100
2025-05-07 08:00:00,1839.98,1844.53,1831.14,1835.59,1839.08,200.84581858,327
2025-05-07 12:00:00,1837.06,1837.06,1816.55,1817.24,1827.04,104.45518354,254
2025-05-07 16:00:00,1815.92,1815.92,1788.41,1796.61,1801.89,400.66286975,348
2025-05-07 20:00:00,1796.68,1824.26,1793.16,1811.04,1801.62,90.91020541,206
2025-05-08 00:00:00,1814.7,1904.65,1810.94,1901.35,1860.6,377.70913604,803
2025-05-08 04:00:00,1900.15,1941.73,1893.66,1927.88,1905.94,474.78442661,709
2025-05-08 08:00:00,1928.89,1966.28,1927.0,1958.71,1944.86,181.27776874,430
2025-05-08 12:00:00,1958.87,2073.31,1956.66,2051.5,1998.83,776.4524639,1196
2025-05-08 16:00:00,2055.09,2138.09,2038.55,2115.69,2065.78,894.84549034,990
2025-05-08 20:00:00,2119.72,2223.61,2113.71,2207.75,2168.94,464.20842764,1038
2025-05-09 00:00:00,2206.94,2243.4,2185.46,2206.54,2204.75,273.4165878,774
2025-05-09 04:00:00,2207.36,2390.91,2204.4,2364.99,2268.76,498.96415479,1068
2025-05-09 08:00:00,2364.99,2486.46,2294.33,2349.71,2380.22,1335.00248114,2359
2025-05-09 12:00:00,2351.31,2387.0,2273.33,2301.59,2329.03,323.72835907,968
2025-05-09 16:00:00,2298.78,2354.0,2277.41,2329.11,2332.07,341.02186884,472
2025-05-09 20:00:00,2331.2,2349.97,2330.0,2345.19,2339.44,198.88049835,226
2025-05-10 00:00:00,2345.35,2378.09,2319.86,2338.91,2339.46,50.0910566,332
2025-05-10 04:00:00,2339.63,2415.3,2326.52,2397.9,2354.08,604.0623373,480
2025-05-10 08:00:00,2399.16,2432.82,2365.21,2384.98,2400.03,282.0659804,844
2025-05-10 12:00:00,2387.84,2447.42,2387.84,2438.99,2429.56,130.39268317,280
2025-05-10 16:00:00,2432.85,2510.33,2432.85,2498.28,2478.87,626.78792636,1029
2025-05-10 20:00:00,2497.71,2598.22,2472.55,2580.59,2537.79,505.13079434,883
2025-05-11 00:00:00,2581.88,2605.67,2507.2,2544.11,2557.49,566.34125147,886
2025-05-11 04:00:00,2535.99,2561.58,2457.28,2474.08,2494.24,674.00043423,1123
2025-05-11 08:00:00,2476.05,2534.07,2476.05,2534.07,2512.18,168.84931205,508
2025-05-11 12:00:00,2531.72,2531.72,2438.97,2462.55,2471.38,159.77439865,677
2025-05-11 16:00:00,2462.54,2522.24,2446.64,2508.03,2502.01,195.31991228,507
2025-05-11 20:00:00,2509.57,2525.71,2484.8,2510.24,2501.5,139.07296538,315
2025-05-12 00:00:00,2514.77,2545.08,2493.15,2519.73,2524.7,82.43854285,382
2025-05-12 04:00:00,2520.1,2622.0,2489.71,2553.19,2586.05,716.43392146,1386
2025-05-12 08:00:00,2553.21,2582.75,2523.94,2529.99,2564.23,244.70605006,503
2025-05-12 12:00:00,2531.09,2576.37,2479.24,2486.03,2528.92,903.86167959,1214
2025-05-12 16:00:00,2488.25,2509.33,2407.62,2461.61,2462.29,339.97044347,878
2025-05-12 20:00:00,2461.6,2498.41,2454.81,2493.75,2478.26,147.97780856,420
2025-05-13 00:00:00,2495.5,2495.5,2416.55,2428.0,2442.98,149.4504092,440
2025-05-13 04:00:00,2424.15,2476.41,2424.15,2462.08,2447.97,275.81764987,192
2025-05-13 08:00:00,2461.13,2522.27,2453.76,2508.77,2472.45,203.09700572,361
2025-05-13 12:00:00,2513.08,2571.01,2494.94,2566.91,2547.69,490.59253519,911
2025-05-13 16:00:00,2563.87,2736.67,2561.79,2689.94,2624.77,1341.43551131,1520
2025-05-13 20:00:00,2695.19,2703.66,2655.5,2678.92,2680.6,180.81153271,550
2025-05-14 00:00:00,2679.37,2722.48,2626.63,2644.26,2684.69,292.71193214,740
2025-05-14 04:00:00,2646.66,2683.87,2639.64,2641.54,2664.95,166.54355957,298
2025-05-14 08:00:00,2639.85,2639.85,2580.96,2622.98,2607.11,473.02148163,919
2025-05-14 12:00:00,2625.49,2633.15,2562.05,2597.33,2586.35,161.50843912,638
2025-05-14 16:00:00,2598.28,2615.44,2550.0,2607.02,2580.42,167.0725991,432
2025-05-14 20:00:00,2607.0,2610.29,2586.66,2606.3,2596.96,48.16984996,189
2025-05-15 00:00:00,2609.8,2644.95,2570.0,2575.19,2618.42,31.30514008,318
2025-05-15 04:00:00,2578.0,2594.09,2518.77,2532.98,2563.08,223.83042337,716
2025-05-15 08:00:00,2532.97,2566.57,2520.0,2554.8,2542.85,518.33716904,375
2025-05-15 12:00:00,2555.01,2578.79,2478.43,2559.84,2531.09,486.02628384,1249
2025-05-15 16:00:00,2566.48,2600.68,2515.06,2528.6,2565.69,85.83804366,544
2025-05-15 20:00:00,2531.42,2562.16,2515.06,2548.1,2532.86,422.2110316,668
2025-05-16 00:00:00,2548.6,2581.42,2537.38,2581.42,2567.28,216.05552107,627
2025-05-16 04:00:00,2582.61,2617.06,2565.13,2601.24,2597.18,93.79191678,216
2025-05-16 08:00:00,2602.11,2645.83,2560.03,2620.12,2602.17,339.47986772,453
2025-05-16 12:00:00,2620.69,2621.01,2576.19,2594.04,2606.39,449.94289982,461
2025-05-16 16:00:00,2594.04,2597.87,2572.11,2590.2,2580.74,86.14261989,320
2025-05-16 20:00:00,2591.35,2591.82,2532.61,2536.07,2558.97,324.48776474,707
2025-05-17 00:00:00,2536.69,2536.69,2455.71,2495.31,2476.56,467.08668249,703
2025-05-17 04:00:00,2493.2,2511.43,2478.29,2492.51,2492.81,129.0760953,197
2025-05-17 08:00:00,2492.41,2492.41,2470.24,2480.76,2480.64,285.12807632,223
2025-05-17 12:00:00,2481.84,2486.39,2446.49,2475.0,2469.34,180.18176701,273
2025-05-17 16:00:00,2474.63,2486.89,2451.93,2472.7,2470.94,194.79788902,185
2025-05-17 20:00:00,2471.46,2495.06,2456.37,2471.96,2480.18,133.4795772,155
